{
    "lr": 0.040058978049115845,
    "gamma": 0.8158548037140475,
    "epsilon": 0.619225253722344,
    "min_epsilon": 0.1503807154469584,
    "epsilon_decay": 3.209883845733789e-06
}